{"cameraMode":{"drawMode":0,"name":"Shaded","section":"Shading Mode"},"sceneLighting":true,"audioPlay":false,"sceneViewState":{"showFog":true,"showMaterialUpdate":false,"showSkybox":true,"showFlares":true,"showImageEffects":true,"showParticleSystems":true},"in2DMode":false,"pivot":{"x":-2.6991121768951418,"y":-9.316509246826172,"z":13.424206733703614},"rotation":{"x":-0.31770220398902895,"y":0.16470298171043397,"z":-0.05613899976015091,"w":-0.932087242603302},"size":24.502586364746095,"orthographic":false}